httpRequest.latency,httpRequest.protocol,httpRequest.referer,httpRequest.remoteIp,httpRequest.requestMethod,httpRequest.requestSize,httpRequest.requestUrl,httpRequest.responseSize,httpRequest.serverIp,httpRequest.status,httpRequest.userAgent,insertId,"'labels.""commit-sha""","'labels.""gcb-build-id""","'labels.""gcb-trigger-id""","'labels.""gcb-trigger-region""",labels.instanceId,"'labels.""managed-by""",logName,receiveLocation,receiveTimestamp,resource.labels.configuration_name,resource.labels.location,resource.labels.project_id,resource.labels.revision_name,resource.labels.service_name,resource.type,severity,spanId,textPayload,timestamp,trace,traceSampled
,,,,,,,,,,,6968800300044fa7696ee202,fc7c7b1884f4dbaaa7732803f1691d8a08bdb88f,"'6312279c-2d26-4c00-bb53-e089c042abdc","'d21c8fa8-8b25-4d00-8afd-48ddd63e8b38",global,005eb6974c6db51f9124d25c92c1f1a5749f2e66a685822c398199b266fb33ecee39ed351cee1f624b7516486b33988d95b265ab24b5a79933f8e5da151801b8ad361efdca1225cd302c22c5dbb9,"'gcp-cloud-build-deploy-cloud-run","'projects/neuro-b7a51/logs/run.googleapis.com%2Fstdout",,"'2026-01-15T05:49:55.478977483Z","'neural-ticker-core","'us-central1","'neuro-b7a51","'neural-ticker-core-00114-2n4","'neural-ticker-core",cloud_run_revision,,,"'[32m[Nest] 1  - [39m01/15/2026, 5:49:55 AM [32m    LOG[39m [38;5;3m[HTTP] [39m[32mGET /api/v1/market-data/analyzer?page=1&limit=4&sortBy=market_cap&sortDir=DESC&aiRating=Strong+Buy&aiRating=Buy 200 41356 - Mozilla/5.0 (Linux; Android 13; Pixel 7) AppleWebKit/537.36 (KHTML, like Gecko) Chrome/143.0.0.0 Mobile Safari/537.36 169.254.169.126[39m","'2026-01-15T05:49:55.282535Z",,
,,,,,,,,,,,69688002000e419347bd07cb,fc7c7b1884f4dbaaa7732803f1691d8a08bdb88f,"'6312279c-2d26-4c00-bb53-e089c042abdc","'d21c8fa8-8b25-4d00-8afd-48ddd63e8b38",global,005eb6974c6db51f9124d25c92c1f1a5749f2e66a685822c398199b266fb33ecee39ed351cee1f624b7516486b33988d95b265ab24b5a79933f8e5da151801b8ad361efdca1225cd302c22c5dbb9,"'gcp-cloud-build-deploy-cloud-run","'projects/neuro-b7a51/logs/run.googleapis.com%2Fstdout",,"'2026-01-15T05:49:55.146160848Z","'neural-ticker-core","'us-central1","'neuro-b7a51","'neural-ticker-core-00114-2n4","'neural-ticker-core",cloud_run_revision,,,"'[32m[Nest] 1  - [39m01/15/2026, 5:49:54 AM [32m    LOG[39m [38;5;3m[HTTP] [39m[32mGET /api/v1/research?limit=20 200 757812 - Mozilla/5.0 (Linux; Android 13; Pixel 7) AppleWebKit/537.36 (KHTML, like Gecko) Chrome/143.0.0.0 Mobile Safari/537.36 169.254.169.126[39m","'2026-01-15T05:49:54.934291Z",,
2.116667696s,HTTP/1.1,https://neuralticker.com/,178.40.242.101,GET,1392,"'https://neuralticker.com/api/v1/market-data/analyzer?page=1&limit=4&sortBy=market_cap&sortDir=DESC&aiRating=Strong+Buy&aiRating=Buy",41678,216.239.32.21,200,"'Mozilla/5.0 (Linux; Android 13; Pixel 7) AppleWebKit/537.36 (KHTML, like Gecko) Chrome/143.0.0.0 Mobile Safari/537.36",696880030004507e52fbdcd6,fc7c7b1884f4dbaaa7732803f1691d8a08bdb88f,"'6312279c-2d26-4c00-bb53-e089c042abdc","'d21c8fa8-8b25-4d00-8afd-48ddd63e8b38",global,005eb6974c6db51f9124d25c92c1f1a5749f2e66a685822c398199b266fb33ecee39ed351cee1f624b7516486b33988d95b265ab24b5a79933f8e5da151801b8ad361efdca1225cd302c22c5dbb9,"'gcp-cloud-build-deploy-cloud-run","'projects/neuro-b7a51/logs/run.googleapis.com%2Frequests",,"'2026-01-15T05:49:55.479972999Z","'neural-ticker-core","'us-central1","'neuro-b7a51","'neural-ticker-core-00114-2n4","'neural-ticker-core",cloud_run_revision,INFO,c94abc8136d3f502,,"'2026-01-15T05:49:53.164554Z","'projects/neuro-b7a51/traces/b84d8f85dc41c3984c16667cb38bf7d2",
,,,,,,,,,,,69688001000232a0b286156c,fc7c7b1884f4dbaaa7732803f1691d8a08bdb88f,"'6312279c-2d26-4c00-bb53-e089c042abdc","'d21c8fa8-8b25-4d00-8afd-48ddd63e8b38",global,005eb6974c6db51f9124d25c92c1f1a5749f2e66a685822c398199b266fb33ecee39ed351cee1f624b7516486b33988d95b265ab24b5a79933f8e5da151801b8ad361efdca1225cd302c22c5dbb9,"'gcp-cloud-build-deploy-cloud-run","'projects/neuro-b7a51/logs/run.googleapis.com%2Fstdout",,"'2026-01-15T05:49:53.148407136Z","'neural-ticker-core","'us-central1","'neuro-b7a51","'neural-ticker-core-00114-2n4","'neural-ticker-core",cloud_run_revision,,,"'[32m[Nest] 1  - [39m01/15/2026, 5:49:53 AM [32m    LOG[39m [38;5;3m[HTTP] [39m[32mGET /api/v1/market/status/all 200 232 - Mozilla/5.0 (Linux; Android 13; Pixel 7) AppleWebKit/537.36 (KHTML, like Gecko) Chrome/143.0.0.0 Mobile Safari/537.36 169.254.169.126[39m","'2026-01-15T05:49:53.144032Z",,
0.003266110s,HTTP/1.1,https://neuralticker.com/,178.40.242.101,GET,1311,https://neuralticker.com/api/v1/market/status/all,552,216.239.32.21,200,"'Mozilla/5.0 (Linux; Android 13; Pixel 7) AppleWebKit/537.36 (KHTML, like Gecko) Chrome/143.0.0.0 Mobile Safari/537.36",69688001000232eb1fdd2c2d,fc7c7b1884f4dbaaa7732803f1691d8a08bdb88f,"'6312279c-2d26-4c00-bb53-e089c042abdc","'d21c8fa8-8b25-4d00-8afd-48ddd63e8b38",global,005eb6974c6db51f9124d25c92c1f1a5749f2e66a685822c398199b266fb33ecee39ed351cee1f624b7516486b33988d95b265ab24b5a79933f8e5da151801b8ad361efdca1225cd302c22c5dbb9,"'gcp-cloud-build-deploy-cloud-run","'projects/neuro-b7a51/logs/run.googleapis.com%2Frequests",,"'2026-01-15T05:49:53.148712832Z","'neural-ticker-core","'us-central1","'neuro-b7a51","'neural-ticker-core-00114-2n4","'neural-ticker-core",cloud_run_revision,INFO,eff7989d9c5b7443,,"'2026-01-15T05:49:53.139494Z","'projects/neuro-b7a51/traces/f9fe56cd16bd8b5c4c16667cb38bf6fa",
1.821111584s,HTTP/1.1,https://neuralticker.com/,178.40.242.101,GET,1309,"'https://neuralticker.com/api/v1/research?limit=20",758135,216.239.32.21,200,"'Mozilla/5.0 (Linux; Android 13; Pixel 7) AppleWebKit/537.36 (KHTML, like Gecko) Chrome/143.0.0.0 Mobile Safari/537.36",69688002000e45789d2f6de9,fc7c7b1884f4dbaaa7732803f1691d8a08bdb88f,"'6312279c-2d26-4c00-bb53-e089c042abdc","'d21c8fa8-8b25-4d00-8afd-48ddd63e8b38",global,005eb6974c6db51f9124d25c92c1f1a5749f2e66a685822c398199b266fb33ecee39ed351cee1f624b7516486b33988d95b265ab24b5a79933f8e5da151801b8ad361efdca1225cd302c22c5dbb9,"'gcp-cloud-build-deploy-cloud-run","'projects/neuro-b7a51/logs/run.googleapis.com%2Frequests",,"'2026-01-15T05:49:55.146303134Z","'neural-ticker-core","'us-central1","'neuro-b7a51","'neural-ticker-core-00114-2n4","'neural-ticker-core",cloud_run_revision,INFO,13ff9bfb02b5512a,,"'2026-01-15T05:49:53.112920Z","'projects/neuro-b7a51/traces/a5c1eb59022d990e4c16667cb38bf5ec",true
,,,,,,,,,,,69687ff40000641ec948d7b4,fc7c7b1884f4dbaaa7732803f1691d8a08bdb88f,"'6312279c-2d26-4c00-bb53-e089c042abdc","'d21c8fa8-8b25-4d00-8afd-48ddd63e8b38",global,005eb6974c6db51f9124d25c92c1f1a5749f2e66a685822c398199b266fb33ecee39ed351cee1f624b7516486b33988d95b265ab24b5a79933f8e5da151801b8ad361efdca1225cd302c22c5dbb9,"'gcp-cloud-build-deploy-cloud-run","'projects/neuro-b7a51/logs/run.googleapis.com%2Fstdout",,"'2026-01-15T05:49:40.086426568Z","'neural-ticker-core","'us-central1","'neuro-b7a51","'neural-ticker-core-00114-2n4","'neural-ticker-core",cloud_run_revision,,,"'[32m[Nest] 1  - [39m01/15/2026, 5:49:40 AM [32m    LOG[39m [38;5;3m[HTTP] [39m[32mGET /api/v1/tickers?search=n&external=false 500 52 - Mozilla/5.0 (Linux; Android 13; Pixel 7) AppleWebKit/537.36 (KHTML, like Gecko) Chrome/143.0.0.0 Mobile Safari/537.36 169.254.169.126[39m","'2026-01-15T05:49:40.025630Z",,
,,,,,,,,,,,69687ff4000063436475ba18,fc7c7b1884f4dbaaa7732803f1691d8a08bdb88f,"'6312279c-2d26-4c00-bb53-e089c042abdc","'d21c8fa8-8b25-4d00-8afd-48ddd63e8b38",global,005eb6974c6db51f9124d25c92c1f1a5749f2e66a685822c398199b266fb33ecee39ed351cee1f624b7516486b33988d95b265ab24b5a79933f8e5da151801b8ad361efdca1225cd302c22c5dbb9,"'gcp-cloud-build-deploy-cloud-run","'projects/neuro-b7a51/logs/run.googleapis.com%2Fstderr",,"'2026-01-15T05:49:40.085881875Z","'neural-ticker-core","'us-central1","'neuro-b7a51","'neural-ticker-core-00114-2n4","'neural-ticker-core",cloud_run_revision,,,},"'2026-01-15T05:49:40.025411Z",,
,,,,,,,,,,,69687ff40000633f53910dd2,fc7c7b1884f4dbaaa7732803f1691d8a08bdb88f,"'6312279c-2d26-4c00-bb53-e089c042abdc","'d21c8fa8-8b25-4d00-8afd-48ddd63e8b38",global,005eb6974c6db51f9124d25c92c1f1a5749f2e66a685822c398199b266fb33ecee39ed351cee1f624b7516486b33988d95b265ab24b5a79933f8e5da151801b8ad361efdca1225cd302c22c5dbb9,"'gcp-cloud-build-deploy-cloud-run","'projects/neuro-b7a51/logs/run.googleapis.com%2Fstderr",,"'2026-01-15T05:49:40.085881875Z","'neural-ticker-core","'us-central1","'neuro-b7a51","'neural-ticker-core-00114-2n4","'neural-ticker-core",cloud_run_revision,,,"  routine: [32m'parserOpenTable'[39m","'2026-01-15T05:49:40.025407Z",,
,,,,,,,,,,,69687ff40000633ce4e31b9d,fc7c7b1884f4dbaaa7732803f1691d8a08bdb88f,"'6312279c-2d26-4c00-bb53-e089c042abdc","'d21c8fa8-8b25-4d00-8afd-48ddd63e8b38",global,005eb6974c6db51f9124d25c92c1f1a5749f2e66a685822c398199b266fb33ecee39ed351cee1f624b7516486b33988d95b265ab24b5a79933f8e5da151801b8ad361efdca1225cd302c22c5dbb9,"'gcp-cloud-build-deploy-cloud-run","'projects/neuro-b7a51/logs/run.googleapis.com%2Fstderr",,"'2026-01-15T05:49:40.085881875Z","'neural-ticker-core","'us-central1","'neuro-b7a51","'neural-ticker-core-00114-2n4","'neural-ticker-core",cloud_run_revision,,,"'  line: [32m'1449'[39m,","'2026-01-15T05:49:40.025404Z",,
,,,,,,,,,,,69687ff4000063381b1b4cd8,fc7c7b1884f4dbaaa7732803f1691d8a08bdb88f,"'6312279c-2d26-4c00-bb53-e089c042abdc","'d21c8fa8-8b25-4d00-8afd-48ddd63e8b38",global,005eb6974c6db51f9124d25c92c1f1a5749f2e66a685822c398199b266fb33ecee39ed351cee1f624b7516486b33988d95b265ab24b5a79933f8e5da151801b8ad361efdca1225cd302c22c5dbb9,"'gcp-cloud-build-deploy-cloud-run","'projects/neuro-b7a51/logs/run.googleapis.com%2Fstderr",,"'2026-01-15T05:49:40.085881875Z","'neural-ticker-core","'us-central1","'neuro-b7a51","'neural-ticker-core-00114-2n4","'neural-ticker-core",cloud_run_revision,,,"'  file: [32m'parse_relation.c'[39m,","'2026-01-15T05:49:40.025400Z",,
,,,,,,,,,,,69687ff40000632e7d212e84,fc7c7b1884f4dbaaa7732803f1691d8a08bdb88f,"'6312279c-2d26-4c00-bb53-e089c042abdc","'d21c8fa8-8b25-4d00-8afd-48ddd63e8b38",global,005eb6974c6db51f9124d25c92c1f1a5749f2e66a685822c398199b266fb33ecee39ed351cee1f624b7516486b33988d95b265ab24b5a79933f8e5da151801b8ad361efdca1225cd302c22c5dbb9,"'gcp-cloud-build-deploy-cloud-run","'projects/neuro-b7a51/logs/run.googleapis.com%2Fstderr",,"'2026-01-15T05:49:40.085881875Z","'neural-ticker-core","'us-central1","'neuro-b7a51","'neural-ticker-core-00114-2n4","'neural-ticker-core",cloud_run_revision,,,"'  constraint: [90mundefined[39m,","'2026-01-15T05:49:40.025390Z",,
,,,,,,,,,,,69687ff40000632a746bff99,fc7c7b1884f4dbaaa7732803f1691d8a08bdb88f,"'6312279c-2d26-4c00-bb53-e089c042abdc","'d21c8fa8-8b25-4d00-8afd-48ddd63e8b38",global,005eb6974c6db51f9124d25c92c1f1a5749f2e66a685822c398199b266fb33ecee39ed351cee1f624b7516486b33988d95b265ab24b5a79933f8e5da151801b8ad361efdca1225cd302c22c5dbb9,"'gcp-cloud-build-deploy-cloud-run","'projects/neuro-b7a51/logs/run.googleapis.com%2Fstderr",,"'2026-01-15T05:49:40.085881875Z","'neural-ticker-core","'us-central1","'neuro-b7a51","'neural-ticker-core-00114-2n4","'neural-ticker-core",cloud_run_revision,,,"'  dataType: [90mundefined[39m,","'2026-01-15T05:49:40.025386Z",,
,,,,,,,,,,,69687ff400006326c300af89,fc7c7b1884f4dbaaa7732803f1691d8a08bdb88f,"'6312279c-2d26-4c00-bb53-e089c042abdc","'d21c8fa8-8b25-4d00-8afd-48ddd63e8b38",global,005eb6974c6db51f9124d25c92c1f1a5749f2e66a685822c398199b266fb33ecee39ed351cee1f624b7516486b33988d95b265ab24b5a79933f8e5da151801b8ad361efdca1225cd302c22c5dbb9,"'gcp-cloud-build-deploy-cloud-run","'projects/neuro-b7a51/logs/run.googleapis.com%2Fstderr",,"'2026-01-15T05:49:40.085881875Z","'neural-ticker-core","'us-central1","'neuro-b7a51","'neural-ticker-core-00114-2n4","'neural-ticker-core",cloud_run_revision,,,"'  column: [90mundefined[39m,","'2026-01-15T05:49:40.025382Z",,
,,,,,,,,,,,69687ff400006323b75a429f,fc7c7b1884f4dbaaa7732803f1691d8a08bdb88f,"'6312279c-2d26-4c00-bb53-e089c042abdc","'d21c8fa8-8b25-4d00-8afd-48ddd63e8b38",global,005eb6974c6db51f9124d25c92c1f1a5749f2e66a685822c398199b266fb33ecee39ed351cee1f624b7516486b33988d95b265ab24b5a79933f8e5da151801b8ad361efdca1225cd302c22c5dbb9,"'gcp-cloud-build-deploy-cloud-run","'projects/neuro-b7a51/logs/run.googleapis.com%2Fstderr",,"'2026-01-15T05:49:40.085881875Z","'neural-ticker-core","'us-central1","'neuro-b7a51","'neural-ticker-core-00114-2n4","'neural-ticker-core",cloud_run_revision,,,"'  table: [90mundefined[39m,","'2026-01-15T05:49:40.025379Z",,
,,,,,,,,,,,69687ff40000631fd1cee076,fc7c7b1884f4dbaaa7732803f1691d8a08bdb88f,"'6312279c-2d26-4c00-bb53-e089c042abdc","'d21c8fa8-8b25-4d00-8afd-48ddd63e8b38",global,005eb6974c6db51f9124d25c92c1f1a5749f2e66a685822c398199b266fb33ecee39ed351cee1f624b7516486b33988d95b265ab24b5a79933f8e5da151801b8ad361efdca1225cd302c22c5dbb9,"'gcp-cloud-build-deploy-cloud-run","'projects/neuro-b7a51/logs/run.googleapis.com%2Fstderr",,"'2026-01-15T05:49:40.085881875Z","'neural-ticker-core","'us-central1","'neuro-b7a51","'neural-ticker-core-00114-2n4","'neural-ticker-core",cloud_run_revision,,,"'  schema: [90mundefined[39m,","'2026-01-15T05:49:40.025375Z",,
,,,,,,,,,,,69687ff40000631c00856e27,fc7c7b1884f4dbaaa7732803f1691d8a08bdb88f,"'6312279c-2d26-4c00-bb53-e089c042abdc","'d21c8fa8-8b25-4d00-8afd-48ddd63e8b38",global,005eb6974c6db51f9124d25c92c1f1a5749f2e66a685822c398199b266fb33ecee39ed351cee1f624b7516486b33988d95b265ab24b5a79933f8e5da151801b8ad361efdca1225cd302c22c5dbb9,"'gcp-cloud-build-deploy-cloud-run","'projects/neuro-b7a51/logs/run.googleapis.com%2Fstderr",,"'2026-01-15T05:49:40.085881875Z","'neural-ticker-core","'us-central1","'neuro-b7a51","'neural-ticker-core-00114-2n4","'neural-ticker-core",cloud_run_revision,,,"'  where: [90mundefined[39m,","'2026-01-15T05:49:40.025372Z",,
,,,,,,,,,,,69687ff400006317e4c36edb,fc7c7b1884f4dbaaa7732803f1691d8a08bdb88f,"'6312279c-2d26-4c00-bb53-e089c042abdc","'d21c8fa8-8b25-4d00-8afd-48ddd63e8b38",global,005eb6974c6db51f9124d25c92c1f1a5749f2e66a685822c398199b266fb33ecee39ed351cee1f624b7516486b33988d95b265ab24b5a79933f8e5da151801b8ad361efdca1225cd302c22c5dbb9,"'gcp-cloud-build-deploy-cloud-run","'projects/neuro-b7a51/logs/run.googleapis.com%2Fstderr",,"'2026-01-15T05:49:40.085881875Z","'neural-ticker-core","'us-central1","'neuro-b7a51","'neural-ticker-core-00114-2n4","'neural-ticker-core",cloud_run_revision,,,"'  internalQuery: [90mundefined[39m,","'2026-01-15T05:49:40.025367Z",,
,,,,,,,,,,,69687ff40000631446e7a108,fc7c7b1884f4dbaaa7732803f1691d8a08bdb88f,"'6312279c-2d26-4c00-bb53-e089c042abdc","'d21c8fa8-8b25-4d00-8afd-48ddd63e8b38",global,005eb6974c6db51f9124d25c92c1f1a5749f2e66a685822c398199b266fb33ecee39ed351cee1f624b7516486b33988d95b265ab24b5a79933f8e5da151801b8ad361efdca1225cd302c22c5dbb9,"'gcp-cloud-build-deploy-cloud-run","'projects/neuro-b7a51/logs/run.googleapis.com%2Fstderr",,"'2026-01-15T05:49:40.085881875Z","'neural-ticker-core","'us-central1","'neuro-b7a51","'neural-ticker-core-00114-2n4","'neural-ticker-core",cloud_run_revision,,,"'  internalPosition: [90mundefined[39m,","'2026-01-15T05:49:40.025364Z",,
,,,,,,,,,,,69687ff400006310501e7233,fc7c7b1884f4dbaaa7732803f1691d8a08bdb88f,"'6312279c-2d26-4c00-bb53-e089c042abdc","'d21c8fa8-8b25-4d00-8afd-48ddd63e8b38",global,005eb6974c6db51f9124d25c92c1f1a5749f2e66a685822c398199b266fb33ecee39ed351cee1f624b7516486b33988d95b265ab24b5a79933f8e5da151801b8ad361efdca1225cd302c22c5dbb9,"'gcp-cloud-build-deploy-cloud-run","'projects/neuro-b7a51/logs/run.googleapis.com%2Fstderr",,"'2026-01-15T05:49:40.085881875Z","'neural-ticker-core","'us-central1","'neuro-b7a51","'neural-ticker-core-00114-2n4","'neural-ticker-core",cloud_run_revision,,,"'  position: [32m'406'[39m,","'2026-01-15T05:49:40.025360Z",,
,,,,,,,,,,,69687ff40000630cd45f093b,fc7c7b1884f4dbaaa7732803f1691d8a08bdb88f,"'6312279c-2d26-4c00-bb53-e089c042abdc","'d21c8fa8-8b25-4d00-8afd-48ddd63e8b38",global,005eb6974c6db51f9124d25c92c1f1a5749f2e66a685822c398199b266fb33ecee39ed351cee1f624b7516486b33988d95b265ab24b5a79933f8e5da151801b8ad361efdca1225cd302c22c5dbb9,"'gcp-cloud-build-deploy-cloud-run","'projects/neuro-b7a51/logs/run.googleapis.com%2Fstderr",,"'2026-01-15T05:49:40.085881875Z","'neural-ticker-core","'us-central1","'neuro-b7a51","'neural-ticker-core-00114-2n4","'neural-ticker-core",cloud_run_revision,,,"'  hint: [90mundefined[39m,","'2026-01-15T05:49:40.025356Z",,
,,,,,,,,,,,69687ff400006309cbb4ad43,fc7c7b1884f4dbaaa7732803f1691d8a08bdb88f,"'6312279c-2d26-4c00-bb53-e089c042abdc","'d21c8fa8-8b25-4d00-8afd-48ddd63e8b38",global,005eb6974c6db51f9124d25c92c1f1a5749f2e66a685822c398199b266fb33ecee39ed351cee1f624b7516486b33988d95b265ab24b5a79933f8e5da151801b8ad361efdca1225cd302c22c5dbb9,"'gcp-cloud-build-deploy-cloud-run","'projects/neuro-b7a51/logs/run.googleapis.com%2Fstderr",,"'2026-01-15T05:49:40.085881875Z","'neural-ticker-core","'us-central1","'neuro-b7a51","'neural-ticker-core-00114-2n4","'neural-ticker-core",cloud_run_revision,,,"'  detail: [90mundefined[39m,","'2026-01-15T05:49:40.025353Z",,
,,,,,,,,,,,69687ff4000063051bc0e6e5,fc7c7b1884f4dbaaa7732803f1691d8a08bdb88f,"'6312279c-2d26-4c00-bb53-e089c042abdc","'d21c8fa8-8b25-4d00-8afd-48ddd63e8b38",global,005eb6974c6db51f9124d25c92c1f1a5749f2e66a685822c398199b266fb33ecee39ed351cee1f624b7516486b33988d95b265ab24b5a79933f8e5da151801b8ad361efdca1225cd302c22c5dbb9,"'gcp-cloud-build-deploy-cloud-run","'projects/neuro-b7a51/logs/run.googleapis.com%2Fstderr",,"'2026-01-15T05:49:40.085881875Z","'neural-ticker-core","'us-central1","'neuro-b7a51","'neural-ticker-core-00114-2n4","'neural-ticker-core",cloud_run_revision,,,"'  code: [32m'42P01'[39m,","'2026-01-15T05:49:40.025349Z",,
,,,,,,,,,,,69687ff400006302a9f20b0b,fc7c7b1884f4dbaaa7732803f1691d8a08bdb88f,"'6312279c-2d26-4c00-bb53-e089c042abdc","'d21c8fa8-8b25-4d00-8afd-48ddd63e8b38",global,005eb6974c6db51f9124d25c92c1f1a5749f2e66a685822c398199b266fb33ecee39ed351cee1f624b7516486b33988d95b265ab24b5a79933f8e5da151801b8ad361efdca1225cd302c22c5dbb9,"'gcp-cloud-build-deploy-cloud-run","'projects/neuro-b7a51/logs/run.googleapis.com%2Fstderr",,"'2026-01-15T05:49:40.085881875Z","'neural-ticker-core","'us-central1","'neuro-b7a51","'neural-ticker-core-00114-2n4","'neural-ticker-core",cloud_run_revision,,,"'  severity: [32m'ERROR'[39m,","'2026-01-15T05:49:40.025346Z",,
,,,,,,,,,,,69687ff4000062fe1cac24d4,fc7c7b1884f4dbaaa7732803f1691d8a08bdb88f,"'6312279c-2d26-4c00-bb53-e089c042abdc","'d21c8fa8-8b25-4d00-8afd-48ddd63e8b38",global,005eb6974c6db51f9124d25c92c1f1a5749f2e66a685822c398199b266fb33ecee39ed351cee1f624b7516486b33988d95b265ab24b5a79933f8e5da151801b8ad361efdca1225cd302c22c5dbb9,"'gcp-cloud-build-deploy-cloud-run","'projects/neuro-b7a51/logs/run.googleapis.com%2Fstderr",,"'2026-01-15T05:49:40.085881875Z","'neural-ticker-core","'us-central1","'neuro-b7a51","'neural-ticker-core-00114-2n4","'neural-ticker-core",cloud_run_revision,,,"'  length: [33m115[39m,","'2026-01-15T05:49:40.025342Z",,
,,,,,,,,,,,69687ff4000062fad1d0a471,fc7c7b1884f4dbaaa7732803f1691d8a08bdb88f,"'6312279c-2d26-4c00-bb53-e089c042abdc","'d21c8fa8-8b25-4d00-8afd-48ddd63e8b38",global,005eb6974c6db51f9124d25c92c1f1a5749f2e66a685822c398199b266fb33ecee39ed351cee1f624b7516486b33988d95b265ab24b5a79933f8e5da151801b8ad361efdca1225cd302c22c5dbb9,"'gcp-cloud-build-deploy-cloud-run","'projects/neuro-b7a51/logs/run.googleapis.com%2Fstderr",,"'2026-01-15T05:49:40.085881875Z","'neural-ticker-core","'us-central1","'neuro-b7a51","'neural-ticker-core-00114-2n4","'neural-ticker-core",cloud_run_revision,,,"'  },","'2026-01-15T05:49:40.025338Z",,
,,,,,,,,,,,69687ff4000062f69e0d3a40,fc7c7b1884f4dbaaa7732803f1691d8a08bdb88f,"'6312279c-2d26-4c00-bb53-e089c042abdc","'d21c8fa8-8b25-4d00-8afd-48ddd63e8b38",global,005eb6974c6db51f9124d25c92c1f1a5749f2e66a685822c398199b266fb33ecee39ed351cee1f624b7516486b33988d95b265ab24b5a79933f8e5da151801b8ad361efdca1225cd302c22c5dbb9,"'gcp-cloud-build-deploy-cloud-run","'projects/neuro-b7a51/logs/run.googleapis.com%2Fstderr",,"'2026-01-15T05:49:40.085881875Z","'neural-ticker-core","'us-central1","'neuro-b7a51","'neural-ticker-core-00114-2n4","'neural-ticker-core",cloud_run_revision,,,"    routine: [32m'parserOpenTable'[39m","'2026-01-15T05:49:40.025334Z",,
,,,,,,,,,,,69687ff4000062f23ad11c3b,fc7c7b1884f4dbaaa7732803f1691d8a08bdb88f,"'6312279c-2d26-4c00-bb53-e089c042abdc","'d21c8fa8-8b25-4d00-8afd-48ddd63e8b38",global,005eb6974c6db51f9124d25c92c1f1a5749f2e66a685822c398199b266fb33ecee39ed351cee1f624b7516486b33988d95b265ab24b5a79933f8e5da151801b8ad361efdca1225cd302c22c5dbb9,"'gcp-cloud-build-deploy-cloud-run","'projects/neuro-b7a51/logs/run.googleapis.com%2Fstderr",,"'2026-01-15T05:49:40.085881875Z","'neural-ticker-core","'us-central1","'neuro-b7a51","'neural-ticker-core-00114-2n4","'neural-ticker-core",cloud_run_revision,,,"'    line: [32m'1449'[39m,","'2026-01-15T05:49:40.025330Z",,
,,,,,,,,,,,69687ff4000062ee8ee6cc36,fc7c7b1884f4dbaaa7732803f1691d8a08bdb88f,"'6312279c-2d26-4c00-bb53-e089c042abdc","'d21c8fa8-8b25-4d00-8afd-48ddd63e8b38",global,005eb6974c6db51f9124d25c92c1f1a5749f2e66a685822c398199b266fb33ecee39ed351cee1f624b7516486b33988d95b265ab24b5a79933f8e5da151801b8ad361efdca1225cd302c22c5dbb9,"'gcp-cloud-build-deploy-cloud-run","'projects/neuro-b7a51/logs/run.googleapis.com%2Fstderr",,"'2026-01-15T05:49:40.085881875Z","'neural-ticker-core","'us-central1","'neuro-b7a51","'neural-ticker-core-00114-2n4","'neural-ticker-core",cloud_run_revision,,,"'    file: [32m'parse_relation.c'[39m,","'2026-01-15T05:49:40.025326Z",,
,,,,,,,,,,,69687ff4000062ea31d08eb2,fc7c7b1884f4dbaaa7732803f1691d8a08bdb88f,"'6312279c-2d26-4c00-bb53-e089c042abdc","'d21c8fa8-8b25-4d00-8afd-48ddd63e8b38",global,005eb6974c6db51f9124d25c92c1f1a5749f2e66a685822c398199b266fb33ecee39ed351cee1f624b7516486b33988d95b265ab24b5a79933f8e5da151801b8ad361efdca1225cd302c22c5dbb9,"'gcp-cloud-build-deploy-cloud-run","'projects/neuro-b7a51/logs/run.googleapis.com%2Fstderr",,"'2026-01-15T05:49:40.085881875Z","'neural-ticker-core","'us-central1","'neuro-b7a51","'neural-ticker-core-00114-2n4","'neural-ticker-core",cloud_run_revision,,,"'    constraint: [90mundefined[39m,","'2026-01-15T05:49:40.025322Z",,
,,,,,,,,,,,69687ff4000062e77366c2ea,fc7c7b1884f4dbaaa7732803f1691d8a08bdb88f,"'6312279c-2d26-4c00-bb53-e089c042abdc","'d21c8fa8-8b25-4d00-8afd-48ddd63e8b38",global,005eb6974c6db51f9124d25c92c1f1a5749f2e66a685822c398199b266fb33ecee39ed351cee1f624b7516486b33988d95b265ab24b5a79933f8e5da151801b8ad361efdca1225cd302c22c5dbb9,"'gcp-cloud-build-deploy-cloud-run","'projects/neuro-b7a51/logs/run.googleapis.com%2Fstderr",,"'2026-01-15T05:49:40.085881875Z","'neural-ticker-core","'us-central1","'neuro-b7a51","'neural-ticker-core-00114-2n4","'neural-ticker-core",cloud_run_revision,,,"'    dataType: [90mundefined[39m,","'2026-01-15T05:49:40.025319Z",,
,,,,,,,,,,,69687ff4000062e3f0d4a9b6,fc7c7b1884f4dbaaa7732803f1691d8a08bdb88f,"'6312279c-2d26-4c00-bb53-e089c042abdc","'d21c8fa8-8b25-4d00-8afd-48ddd63e8b38",global,005eb6974c6db51f9124d25c92c1f1a5749f2e66a685822c398199b266fb33ecee39ed351cee1f624b7516486b33988d95b265ab24b5a79933f8e5da151801b8ad361efdca1225cd302c22c5dbb9,"'gcp-cloud-build-deploy-cloud-run","'projects/neuro-b7a51/logs/run.googleapis.com%2Fstderr",,"'2026-01-15T05:49:40.085881875Z","'neural-ticker-core","'us-central1","'neuro-b7a51","'neural-ticker-core-00114-2n4","'neural-ticker-core",cloud_run_revision,,,"'    column: [90mundefined[39m,","'2026-01-15T05:49:40.025315Z",,
,,,,,,,,,,,69687ff4000062e0e2fdcae5,fc7c7b1884f4dbaaa7732803f1691d8a08bdb88f,"'6312279c-2d26-4c00-bb53-e089c042abdc","'d21c8fa8-8b25-4d00-8afd-48ddd63e8b38",global,005eb6974c6db51f9124d25c92c1f1a5749f2e66a685822c398199b266fb33ecee39ed351cee1f624b7516486b33988d95b265ab24b5a79933f8e5da151801b8ad361efdca1225cd302c22c5dbb9,"'gcp-cloud-build-deploy-cloud-run","'projects/neuro-b7a51/logs/run.googleapis.com%2Fstderr",,"'2026-01-15T05:49:40.085881875Z","'neural-ticker-core","'us-central1","'neuro-b7a51","'neural-ticker-core-00114-2n4","'neural-ticker-core",cloud_run_revision,,,"'    table: [90mundefined[39m,","'2026-01-15T05:49:40.025312Z",,
,,,,,,,,,,,69687ff4000062dca1f5e93c,fc7c7b1884f4dbaaa7732803f1691d8a08bdb88f,"'6312279c-2d26-4c00-bb53-e089c042abdc","'d21c8fa8-8b25-4d00-8afd-48ddd63e8b38",global,005eb6974c6db51f9124d25c92c1f1a5749f2e66a685822c398199b266fb33ecee39ed351cee1f624b7516486b33988d95b265ab24b5a79933f8e5da151801b8ad361efdca1225cd302c22c5dbb9,"'gcp-cloud-build-deploy-cloud-run","'projects/neuro-b7a51/logs/run.googleapis.com%2Fstderr",,"'2026-01-15T05:49:40.085881875Z","'neural-ticker-core","'us-central1","'neuro-b7a51","'neural-ticker-core-00114-2n4","'neural-ticker-core",cloud_run_revision,,,"'    schema: [90mundefined[39m,","'2026-01-15T05:49:40.025308Z",,
,,,,,,,,,,,69687ff4000062d9fbf0ae4b,fc7c7b1884f4dbaaa7732803f1691d8a08bdb88f,"'6312279c-2d26-4c00-bb53-e089c042abdc","'d21c8fa8-8b25-4d00-8afd-48ddd63e8b38",global,005eb6974c6db51f9124d25c92c1f1a5749f2e66a685822c398199b266fb33ecee39ed351cee1f624b7516486b33988d95b265ab24b5a79933f8e5da151801b8ad361efdca1225cd302c22c5dbb9,"'gcp-cloud-build-deploy-cloud-run","'projects/neuro-b7a51/logs/run.googleapis.com%2Fstderr",,"'2026-01-15T05:49:40.085881875Z","'neural-ticker-core","'us-central1","'neuro-b7a51","'neural-ticker-core-00114-2n4","'neural-ticker-core",cloud_run_revision,,,"'    where: [90mundefined[39m,","'2026-01-15T05:49:40.025305Z",,
,,,,,,,,,,,69687ff4000062d573d788ec,fc7c7b1884f4dbaaa7732803f1691d8a08bdb88f,"'6312279c-2d26-4c00-bb53-e089c042abdc","'d21c8fa8-8b25-4d00-8afd-48ddd63e8b38",global,005eb6974c6db51f9124d25c92c1f1a5749f2e66a685822c398199b266fb33ecee39ed351cee1f624b7516486b33988d95b265ab24b5a79933f8e5da151801b8ad361efdca1225cd302c22c5dbb9,"'gcp-cloud-build-deploy-cloud-run","'projects/neuro-b7a51/logs/run.googleapis.com%2Fstderr",,"'2026-01-15T05:49:40.085881875Z","'neural-ticker-core","'us-central1","'neuro-b7a51","'neural-ticker-core-00114-2n4","'neural-ticker-core",cloud_run_revision,,,"'    internalQuery: [90mundefined[39m,","'2026-01-15T05:49:40.025301Z",,
,,,,,,,,,,,69687ff4000062d19172095a,fc7c7b1884f4dbaaa7732803f1691d8a08bdb88f,"'6312279c-2d26-4c00-bb53-e089c042abdc","'d21c8fa8-8b25-4d00-8afd-48ddd63e8b38",global,005eb6974c6db51f9124d25c92c1f1a5749f2e66a685822c398199b266fb33ecee39ed351cee1f624b7516486b33988d95b265ab24b5a79933f8e5da151801b8ad361efdca1225cd302c22c5dbb9,"'gcp-cloud-build-deploy-cloud-run","'projects/neuro-b7a51/logs/run.googleapis.com%2Fstderr",,"'2026-01-15T05:49:40.085881875Z","'neural-ticker-core","'us-central1","'neuro-b7a51","'neural-ticker-core-00114-2n4","'neural-ticker-core",cloud_run_revision,,,"'    internalPosition: [90mundefined[39m,","'2026-01-15T05:49:40.025297Z",,
,,,,,,,,,,,69687ff4000062ce451b52fc,fc7c7b1884f4dbaaa7732803f1691d8a08bdb88f,"'6312279c-2d26-4c00-bb53-e089c042abdc","'d21c8fa8-8b25-4d00-8afd-48ddd63e8b38",global,005eb6974c6db51f9124d25c92c1f1a5749f2e66a685822c398199b266fb33ecee39ed351cee1f624b7516486b33988d95b265ab24b5a79933f8e5da151801b8ad361efdca1225cd302c22c5dbb9,"'gcp-cloud-build-deploy-cloud-run","'projects/neuro-b7a51/logs/run.googleapis.com%2Fstderr",,"'2026-01-15T05:49:40.085881875Z","'neural-ticker-core","'us-central1","'neuro-b7a51","'neural-ticker-core-00114-2n4","'neural-ticker-core",cloud_run_revision,,,"'    position: [32m'406'[39m,","'2026-01-15T05:49:40.025294Z",,
,,,,,,,,,,,69687ff4000062cb7fe3dadf,fc7c7b1884f4dbaaa7732803f1691d8a08bdb88f,"'6312279c-2d26-4c00-bb53-e089c042abdc","'d21c8fa8-8b25-4d00-8afd-48ddd63e8b38",global,005eb6974c6db51f9124d25c92c1f1a5749f2e66a685822c398199b266fb33ecee39ed351cee1f624b7516486b33988d95b265ab24b5a79933f8e5da151801b8ad361efdca1225cd302c22c5dbb9,"'gcp-cloud-build-deploy-cloud-run","'projects/neuro-b7a51/logs/run.googleapis.com%2Fstderr",,"'2026-01-15T05:49:40.085881875Z","'neural-ticker-core","'us-central1","'neuro-b7a51","'neural-ticker-core-00114-2n4","'neural-ticker-core",cloud_run_revision,,,"'    hint: [90mundefined[39m,","'2026-01-15T05:49:40.025291Z",,
,,,,,,,,,,,69687ff4000062c7bed3469e,fc7c7b1884f4dbaaa7732803f1691d8a08bdb88f,"'6312279c-2d26-4c00-bb53-e089c042abdc","'d21c8fa8-8b25-4d00-8afd-48ddd63e8b38",global,005eb6974c6db51f9124d25c92c1f1a5749f2e66a685822c398199b266fb33ecee39ed351cee1f624b7516486b33988d95b265ab24b5a79933f8e5da151801b8ad361efdca1225cd302c22c5dbb9,"'gcp-cloud-build-deploy-cloud-run","'projects/neuro-b7a51/logs/run.googleapis.com%2Fstderr",,"'2026-01-15T05:49:40.085881875Z","'neural-ticker-core","'us-central1","'neuro-b7a51","'neural-ticker-core-00114-2n4","'neural-ticker-core",cloud_run_revision,,,"'    detail: [90mundefined[39m,","'2026-01-15T05:49:40.025287Z",,
,,,,,,,,,,,69687ff4000062c4c1646120,fc7c7b1884f4dbaaa7732803f1691d8a08bdb88f,"'6312279c-2d26-4c00-bb53-e089c042abdc","'d21c8fa8-8b25-4d00-8afd-48ddd63e8b38",global,005eb6974c6db51f9124d25c92c1f1a5749f2e66a685822c398199b266fb33ecee39ed351cee1f624b7516486b33988d95b265ab24b5a79933f8e5da151801b8ad361efdca1225cd302c22c5dbb9,"'gcp-cloud-build-deploy-cloud-run","'projects/neuro-b7a51/logs/run.googleapis.com%2Fstderr",,"'2026-01-15T05:49:40.085881875Z","'neural-ticker-core","'us-central1","'neuro-b7a51","'neural-ticker-core-00114-2n4","'neural-ticker-core",cloud_run_revision,,,"'    code: [32m'42P01'[39m,","'2026-01-15T05:49:40.025284Z",,
,,,,,,,,,,,69687ff4000062c0d0b51554,fc7c7b1884f4dbaaa7732803f1691d8a08bdb88f,"'6312279c-2d26-4c00-bb53-e089c042abdc","'d21c8fa8-8b25-4d00-8afd-48ddd63e8b38",global,005eb6974c6db51f9124d25c92c1f1a5749f2e66a685822c398199b266fb33ecee39ed351cee1f624b7516486b33988d95b265ab24b5a79933f8e5da151801b8ad361efdca1225cd302c22c5dbb9,"'gcp-cloud-build-deploy-cloud-run","'projects/neuro-b7a51/logs/run.googleapis.com%2Fstderr",,"'2026-01-15T05:49:40.085881875Z","'neural-ticker-core","'us-central1","'neuro-b7a51","'neural-ticker-core-00114-2n4","'neural-ticker-core",cloud_run_revision,,,"'    severity: [32m'ERROR'[39m,","'2026-01-15T05:49:40.025280Z",,
,,,,,,,,,,,69687ff4000062bb6a5de0d3,fc7c7b1884f4dbaaa7732803f1691d8a08bdb88f,"'6312279c-2d26-4c00-bb53-e089c042abdc","'d21c8fa8-8b25-4d00-8afd-48ddd63e8b38",global,005eb6974c6db51f9124d25c92c1f1a5749f2e66a685822c398199b266fb33ecee39ed351cee1f624b7516486b33988d95b265ab24b5a79933f8e5da151801b8ad361efdca1225cd302c22c5dbb9,"'gcp-cloud-build-deploy-cloud-run","'projects/neuro-b7a51/logs/run.googleapis.com%2Fstderr",,"'2026-01-15T05:49:40.085881875Z","'neural-ticker-core","'us-central1","'neuro-b7a51","'neural-ticker-core-00114-2n4","'neural-ticker-core",cloud_run_revision,,,"'    length: [33m115[39m,","'2026-01-15T05:49:40.025275Z",,
,,,,,,,,,,,69687ff4000062b7caac48d9,fc7c7b1884f4dbaaa7732803f1691d8a08bdb88f,"'6312279c-2d26-4c00-bb53-e089c042abdc","'d21c8fa8-8b25-4d00-8afd-48ddd63e8b38",global,005eb6974c6db51f9124d25c92c1f1a5749f2e66a685822c398199b266fb33ecee39ed351cee1f624b7516486b33988d95b265ab24b5a79933f8e5da151801b8ad361efdca1225cd302c22c5dbb9,"'gcp-cloud-build-deploy-cloud-run","'projects/neuro-b7a51/logs/run.googleapis.com%2Fstderr",,"'2026-01-15T05:49:40.085881875Z","'neural-ticker-core","'us-central1","'neuro-b7a51","'neural-ticker-core-00114-2n4","'neural-ticker-core",cloud_run_revision,,,"'      at async [90m/app/[39mnode_modules/[4m@nestjs/core[24m/router/router-execution-context.js:46:28 {","'2026-01-15T05:49:40.025271Z",,
,,,,,,,,,,,69687ff4000062b492c00f99,fc7c7b1884f4dbaaa7732803f1691d8a08bdb88f,"'6312279c-2d26-4c00-bb53-e089c042abdc","'d21c8fa8-8b25-4d00-8afd-48ddd63e8b38",global,005eb6974c6db51f9124d25c92c1f1a5749f2e66a685822c398199b266fb33ecee39ed351cee1f624b7516486b33988d95b265ab24b5a79933f8e5da151801b8ad361efdca1225cd302c22c5dbb9,"'gcp-cloud-build-deploy-cloud-run","'projects/neuro-b7a51/logs/run.googleapis.com%2Fstderr",,"'2026-01-15T05:49:40.085881875Z","'neural-ticker-core","'us-central1","'neuro-b7a51","'neural-ticker-core-00114-2n4","'neural-ticker-core",cloud_run_revision,,,"      at async TickersService.searchTickers [90m(/app/[39mdist/src/modules/tickers/tickers.service.js:220:46[90m)[39m","'2026-01-15T05:49:40.025268Z",,
,,,,,,,,,,,69687ff4000062af698aed72,fc7c7b1884f4dbaaa7732803f1691d8a08bdb88f,"'6312279c-2d26-4c00-bb53-e089c042abdc","'d21c8fa8-8b25-4d00-8afd-48ddd63e8b38",global,005eb6974c6db51f9124d25c92c1f1a5749f2e66a685822c398199b266fb33ecee39ed351cee1f624b7516486b33988d95b265ab24b5a79933f8e5da151801b8ad361efdca1225cd302c22c5dbb9,"'gcp-cloud-build-deploy-cloud-run","'projects/neuro-b7a51/logs/run.googleapis.com%2Fstderr",,"'2026-01-15T05:49:40.085881875Z","'neural-ticker-core","'us-central1","'neuro-b7a51","'neural-ticker-core-00114-2n4","'neural-ticker-core",cloud_run_revision,,,"      at async Promise.all (index 1)","'2026-01-15T05:49:40.025263Z",,
,,,,,,,,,,,69687ff4000062ac2026195c,fc7c7b1884f4dbaaa7732803f1691d8a08bdb88f,"'6312279c-2d26-4c00-bb53-e089c042abdc","'d21c8fa8-8b25-4d00-8afd-48ddd63e8b38",global,005eb6974c6db51f9124d25c92c1f1a5749f2e66a685822c398199b266fb33ecee39ed351cee1f624b7516486b33988d95b265ab24b5a79933f8e5da151801b8ad361efdca1225cd302c22c5dbb9,"'gcp-cloud-build-deploy-cloud-run","'projects/neuro-b7a51/logs/run.googleapis.com%2Fstderr",,"'2026-01-15T05:49:40.085881875Z","'neural-ticker-core","'us-central1","'neuro-b7a51","'neural-ticker-core-00114-2n4","'neural-ticker-core",cloud_run_revision,,,"'      at async SelectQueryBuilder.getMany [90m(/app/[39mnode_modules/[4mtypeorm[24m/query-builder/SelectQueryBuilder.js:750:25[90m)[39m","'2026-01-15T05:49:40.025260Z",,
,,,,,,,,,,,69687ff4000062a701c8e4c5,fc7c7b1884f4dbaaa7732803f1691d8a08bdb88f,"'6312279c-2d26-4c00-bb53-e089c042abdc","'d21c8fa8-8b25-4d00-8afd-48ddd63e8b38",global,005eb6974c6db51f9124d25c92c1f1a5749f2e66a685822c398199b266fb33ecee39ed351cee1f624b7516486b33988d95b265ab24b5a79933f8e5da151801b8ad361efdca1225cd302c22c5dbb9,"'gcp-cloud-build-deploy-cloud-run","'projects/neuro-b7a51/logs/run.googleapis.com%2Fstderr",,"'2026-01-15T05:49:40.085881875Z","'neural-ticker-core","'us-central1","'neuro-b7a51","'neural-ticker-core-00114-2n4","'neural-ticker-core",cloud_run_revision,,,"'      at async SelectQueryBuilder.getRawAndEntities [90m(/app/[39mnode_modules/[4mtypeorm[24m/query-builder/SelectQueryBuilder.js:684:29[90m)[39m","'2026-01-15T05:49:40.025255Z",,
,,,,,,,,,,,69687ff4000062a40ac3868a,fc7c7b1884f4dbaaa7732803f1691d8a08bdb88f,"'6312279c-2d26-4c00-bb53-e089c042abdc","'d21c8fa8-8b25-4d00-8afd-48ddd63e8b38",global,005eb6974c6db51f9124d25c92c1f1a5749f2e66a685822c398199b266fb33ecee39ed351cee1f624b7516486b33988d95b265ab24b5a79933f8e5da151801b8ad361efdca1225cd302c22c5dbb9,"'gcp-cloud-build-deploy-cloud-run","'projects/neuro-b7a51/logs/run.googleapis.com%2Fstderr",,"'2026-01-15T05:49:40.085881875Z","'neural-ticker-core","'us-central1","'neuro-b7a51","'neural-ticker-core-00114-2n4","'neural-ticker-core",cloud_run_revision,,,"'      at async SelectQueryBuilder.executeEntitiesAndRawResults [90m(/app/[39mnode_modules/[4mtypeorm[24m/query-builder/SelectQueryBuilder.js:2079:26[90m)[39m","'2026-01-15T05:49:40.025252Z",,
,,,,,,,,,,,69687ff4000062a0c64716fc,fc7c7b1884f4dbaaa7732803f1691d8a08bdb88f,"'6312279c-2d26-4c00-bb53-e089c042abdc","'d21c8fa8-8b25-4d00-8afd-48ddd63e8b38",global,005eb6974c6db51f9124d25c92c1f1a5749f2e66a685822c398199b266fb33ecee39ed351cee1f624b7516486b33988d95b265ab24b5a79933f8e5da151801b8ad361efdca1225cd302c22c5dbb9,"'gcp-cloud-build-deploy-cloud-run","'projects/neuro-b7a51/logs/run.googleapis.com%2Fstderr",,"'2026-01-15T05:49:40.085881875Z","'neural-ticker-core","'us-central1","'neuro-b7a51","'neural-ticker-core-00114-2n4","'neural-ticker-core",cloud_run_revision,,,"'      at async SelectQueryBuilder.loadRawResults [90m(/app/[39mnode_modules/[4mtypeorm[24m/query-builder/SelectQueryBuilder.js:2231:25[90m)[39m","'2026-01-15T05:49:40.025248Z",,